"행정구역별(1)",행정구역별(2),2009,2009,2009,2010,2010,2010,2011,2011,2011,2012,2012,2012,2013,2013,2013,2014,2014,2014,2015,2015,2015,2016,2016,2016,2017,2017,2017,2018,2018,2018,2019,2019,2019
"행정구역별(1)",행정구역별(2),혼인건수 (건),이혼건수 (건),주민등록인구수(연앙인구) (명),혼인건수 (건),이혼건수 (건),주민등록인구수(연앙인구) (명),혼인건수 (건),이혼건수 (건),주민등록인구수(연앙인구) (명),혼인건수 (건),이혼건수 (건),주민등록인구수(연앙인구) (명),혼인건수 (건),이혼건수 (건),주민등록인구수(연앙인구) (명),혼인건수 (건),이혼건수 (건),주민등록인구수(연앙인구) (명),혼인건수 (건),이혼건수 (건),주민등록인구수(연앙인구) (명),혼인건수 (건),이혼건수 (건),주민등록인구수(연앙인구) (명),혼인건수 (건),이혼건수 (건),주민등록인구수(연앙인구) (명),혼인건수 (건),이혼건수 (건),주민등록인구수(연앙인구) (명),혼인건수 (건),이혼건수 (건),주민등록인구수(연앙인구) (명)
"총계",소계,300869,120296,50070582.0,317579,113042,50515666.0,321154,110671,50734284.0,327073,114316,50948272.0,315193,111937,51141463.0,297783,112285,51327916.0,295167,106059,51529338.0,276328,105375,51112971.5,259340,104364,51230704.0,252339,106785,51344092.0,233911,109035,51337424.0
"서울특별시",소계,68841,23920,10464051.0,70466,21768,10312545.0,71519,20617,10249679.0,71695,20177,10195318.0,68819,20126,10143645.0,64823,19477,10103233.0,64193,18176,10022181.0,57643,17777,9811038.5,53776,17083,9724400.5,52005,16940,9642857.0,48261,16972,9578974.5
"서울특별시",종로구,943,430,177543.0,1011,396,170578.0,1062,367,168382.0,1000,350,165207.0,877,348,160070.0,840,341,156993.0,806,276,154986.0,760,260,148331.5,700,265,148098.5,676,244,148326.0,590,260,146603.0
"서울특별시",중구,910,416,137861.0,1049,378,132822.0,920,292,133193.0,1029,328,133360.0,860,320,130465.0,851,288,128065.0,916,267,125733.0,799,249,121151.5,792,253,121058.0,778,259,121382.0,722,230,121678.0
"서울특별시",용산구,1742,641,251200.0,1784,528,244853.0,1866,530,246501.0,1895,500,243232.0,1795,450,239740.0,1560,471,235951.0,1515,424,233342.0,1366,441,221883.0,1357,389,219546.5,1400,391,219034.0,1303,372,218821.0
"서울특별시",성동구,2102,785,316064.0,2306,672,309093.0,2307,607,300711.0,2425,599,299604.0,2432,613,299337.0,2125,596,296086.0,2083,563,297003.0,1944,547,292890.5,2096,509,296598.5,2000,550,300992.0,1758,528,299044.0
"서울특별시",광진구,2643,915,386513.0,2672,811,375463.0,2766,740,371936.0,2798,707,371313.0,2685,743,368927.0,2589,713,363354.0,2576,651,360369.0,2285,649,353271.5,2082,612,351919.0,2164,613,351215.0,1893,591,348116.5
"서울특별시",동대문구,2336,923,374277.0,2302,907,366786.0,2344,834,365486.0,2302,785,363258.0,2327,740,364273.0,2123,770,363687.0,2159,714,360153.0,1796,666,350689.5,1657,624,345931.5,1747,660,342485.0,1613,692,340267.5
"서울특별시",중랑구,2673,1250,429700.0,2694,1150,427455.0,2789,1068,423706.0,2881,1040,419295.0,2813,1040,416798.0,2769,1105,418836.0,2716,1028,413909.0,2591,933,406546.5,2302,956,403696.5,2253,916,399876.0,2031,960,394293.5
"서울특별시",성북구,2947,1118,484457.0,3212,987,488932.0,3109,886,485171.0,2933,885,481857.0,2809,934,476589.0,2415,907,466706.0,2379,823,459275.0,2131,833,447099.0,1917,732,439323.0,1919,757,432109.0,1880,661,431427.0
"서울특별시",강북구,2053,939,343912.0,2142,882,346520.0,2122,897,345054.0,2207,813,343157.0,1975,848,338707.0,1819,831,335025.0,1715,738,330873.0,1500,722,323126.5,1436,742,319965.0,1344,710,316094.0,1260,697,310925.5
"서울특별시",도봉구,2061,902,372398.0,2110,852,368298.0,2127,810,365573.0,2117,818,362270.0,2062,801,358582.0,1791,777,353709.0,1810,728,351242.0,1636,670,345443.5,1543,666,341842.0,1471,724,337404.0,1316,702,332026.0
"서울특별시",노원구,3368,1317,615161.0,3511,1190,611230.0,3720,1120,603930.0,3638,1094,597189.0,3432,1075,590479.0,3176,1067,582552.0,3146,984,574583.0,2778,955,565244.5,2420,1003,555097.5,2240,887,543268.0,2138,903,532511.5
"서울특별시",은평구,2816,1179,470782.0,3009,1103,488109.0,3205,999,493634.0,3232,1081,501480.0,3277,1073,503660.0,2916,980,498644.0,2812,948,497920.0,2573,947,486578.5,2331,917,480967.0,2364,925,476895.0,2178,905,473512.0
"서울특별시",서대문구,1965,734,336649.0,1995,660,324541.0,2025,640,314852.0,2007,612,315113.0,1974,612,314110.0,1732,538,310376.0,1722,528,312141.0,1660,532,306663.0,1546,485,306765.0,1393,526,304797.0,1440,473,303057.0
"서울특별시",마포구,2980,835,392313.0,3114,772,391865.0,3147,754,389493.0,3031,690,384644.0,2986,718,381856.0,2827,636,385439.0,3205,613,387643.0,2588,636,376341.5,2294,576,369595.5,2229,560,367177.0,2029,565,366806.5
"서울특별시",양천구,2647,1004,506684.0,2553,981,500001.0,2777,903,500210.0,2679,891,495911.0,2644,910,492528.0,2490,873,486221.0,2516,775,484532.0,2258,821,475845.5,2021,700,468983.5,1957,743,462235.0,1705,727,455764.5
"서울특별시",강서구,4141,1376,579196.0,4247,1261,574127.0,4276,1198,569072.0,4432,1165,567431.0,4331,1181,569070.0,4338,1092,585160.0,4578,1118,589074.0,4111,1112,585425.0,4069,1120,591554.0,3835,1068,592309.0,3589,1103,587369.0
"서울특별시",구로구,3307,1017,449613.0,3472,923,423736.0,3470,899,427468.0,3610,885,427520.0,3357,883,424964.0,3156,826,425831.0,3045,817,422092.0,2674,783,415281.5,2460,775,409495.0,2286,741,402971.0,2063,733,400902.0
"서울특별시",금천구,1552,822,263116.0,1705,687,245195.0,1662,701,243438.0,1689,666,243288.0,1594,623,241020.0,1556,603,238463.0,1481,557,236284.0,1324,535,231819.0,1439,525,231214.0,1269,539,230453.0,1243,540,229269.5
"서울특별시",영등포구,3358,1010,441747.0,3283,918,406833.0,3342,863,397443.0,3155,872,391408.0,3086,817,386471.0,2951,773,382352.0,2934,726,378504.0,2609,693,367014.0,2539,628,361910.5,2664,632,360631.0,2449,684,360221.0
"서울특별시",동작구,2923,817,407973.0,2999,696,402709.0,3085,736,401408.0,3203,712,405491.0,3130,658,410815.0,2962,715,407470.0,2855,632,400641.0,2514,590,395233.5,2282,598,392903.5,2097,562,390522.0,2057,557,390350.0
"서울특별시",관악구,4296,1270,547311.0,4365,1086,531434.0,4372,1080,526397.0,4457,1039,523029.0,4183,1089,518028.0,3949,1005,513186.0,3859,896,509663.0,3537,926,500389.5,3205,817,497056.5,3090,856,494638.0,2802,875,493055.0
"서울특별시",서초구,3040,703,431131.0,3004,719,434720.0,3040,635,433564.0,3074,615,435044.0,2988,633,441763.0,2871,626,449678.0,2846,597,446764.0,2676,565,439368.5,2288,561,435952.0,2234,587,429232.0,2084,615,423950.0
"서울특별시",강남구,3500,1035,569499.0,3636,976,570095.0,3657,860,565710.0,3721,879,564197.0,3591,884,563599.0,3560,899,578114.0,3380,852,576495.0,3032,867,560257.0,2677,805,549396.0,2519,758,537082.0,2338,772,531575.0
"서울특별시",송파구,5195,1377,689296.0,4818,1234,685279.0,4893,1212,682209.0,4868,1171,673115.0,4445,1140,668415.0,4480,1121,664738.0,4386,1069,660302.0,4102,1039,650062.0,3896,1041,651722.5,3705,1010,656198.0,3651,1060,662019.5
"서울특별시",강동구,3343,1105,489655.0,3473,999,491871.0,3436,986,495138.0,3312,980,487905.0,3166,993,483379.0,2977,924,476597.0,2753,852,458658.0,2399,806,445082.5,2427,784,433809.5,2371,722,425539.0,2129,767,425410.0
"부산광역시",소계,18614,8550,3543030.0,20195,7645,3567910.0,20224,7514,3550963.0,20362,7501,3538484.0,20734,7444,3527635.0,18927,7345,3519401.0,18553,6649,3513777.0,17113,6859,3467418.0,15677,6651,3445833.0,14781,6678,3418069.0,13780,6787,3390159.5
"부산광역시",중구,262,159,48905.0,293,146,49442.0,296,147,48686.0,315,157,48148.0,305,142,47345.0,297,123,46737.0,261,94,45816.0,214,119,44191.5,224,103,43386.0,184,108,42207.0,163,91,41066.5
"부산광역시",서구,646,331,125785.0,667,321,126040.0,644,320,123718.0,616,278,120828.0,655,281,118783.0,554,255,118115.0,557,253,115963.0,476,278,112041.5,435,232,109135.5,420,226,107982.0,391,227,107094.5
"부산광역시",동구,555,277,101153.0,523,262,101514.0,561,235,100420.0,539,232,98529.0,506,246,96011.0,493,241,94565.0,422,228,92069.0,385,215,89046.5,361,229,87490.5,384,178,86075.0,369,188,85757.0
"부산광역시",영도구,770,397,148139.0,800,390,146798.0,757,342,143205.0,703,332,139765.0,698,326,135816.0,611,307,132102.0,546,306,129385.0,521,292,125772.5,436,284,122860.5,413,270,119750.0,366,259,116364.5
"부산광역시",부산진구,2214,1005,395689.0,2389,796,395826.0,2548,814,395044.0,2500,799,392731.0,2621,786,389765.0,2309,776,387378.0,2131,697,381572.0,1914,720,373849.5,1819,678,368927.5,1741,695,361955.0,1475,684,355134.5
"부산광역시",동래구,1386,618,281644.0,1390,553,282779.0,1486,519,283742.0,1458,541,278767.0,1426,532,276689.0,1339,558,275971.0,1223,465,272837.0,1237,467,270029.5,1088,460,268940.5,1064,458,265880.0,1058,498,266204.0
"부산광역시",남구,1564,683,297963.0,1592,611,298458.0,1552,622,295121.0,1529,558,291175.0,1542,555,291770.0,1448,600,286989.0,1313,487,283101.0,1153,504,278005.5,1023,500,273393.0,1065,454,274025.0,1045,502,274381.0
"부산광역시",북구,1520,741,314227.0,1701,639,312218.0,1671,638,307988.0,1857,650,312937.0,1893,622,309719.0,1550,637,306974.0,1652,584,310484.0,1668,615,308288.5,1357,550,304530.5,1238,574,297978.0,1084,538,292109.0
"부산광역시",해운대구,2041,953,424974.0,2297,883,426729.0,2209,857,425618.0,2290,862,428188.0,2212,850,425536.0,1936,819,423531.0,2040,797,422818.0,1760,749,417169.5,1576,743,411650.0,1456,713,406442.0,1471,724,403494.5
"부산광역시",사하구,2077,906,359800.0,2272,794,358730.0,2284,774,355443.0,2161,797,352726.0,2232,786,349110.0,1922,764,343371.0,1786,676,337781.0,1738,733,333063.5,1697,697,330831.5,1505,729,327489.0,1337,761,321380.5
"부산광역시",금정구,1111,536,252039.0,1191,445,255419.0,1216,479,254720.0,1263,492,255692.0,1324,506,253526.0,1177,469,249856.0,1184,397,246026.0,1004,403,242761.5,974,407,241970.5,930,431,241190.0,815,409,238545.0
"부산광역시",강서구,364,149,60372.0,449,142,62594.0,399,163,64733.0,418,165,65806.0,479,157,69873.0,624,155,79619.0,768,185,94608.0,839,204,100898.5,905,244,112272.5,851,270,119318.0,804,287,125409.0
"부산광역시",연제구,1159,481,210390.0,1235,422,212696.0,1231,403,213326.0,1217,409,211536.0,1204,420,209290.0,1114,407,208012.0,1071,372,210718.0,1030,367,206686.0,960,338,204744.5,904,393,205122.0,997,391,206489.5
"부산광역시",수영구,854,451,177292.0,954,368,178267.0,1027,377,176691.0,1075,391,176666.0,1073,391,175098.0,1096,367,178480.0,1159,351,179795.0,983,371,177698.5,884,361,177699.0,856,359,176132.0,814,335,174201.0
"부산광역시",사상구,1484,631,255274.0,1693,614,257843.0,1661,554,254413.0,1625,582,250424.0,1600,546,246797.0,1403,552,242953.0,1382,462,237711.0,1209,485,232916.5,1106,451,228741.5,998,439,224104.0,845,493,218573.5
"부산광역시",기장군,607,232,89384.0,749,259,102557.0,682,270,108095.0,796,256,114566.0,964,298,132507.0,1054,315,144748.0,1058,295,153093.0,982,337,154999.0,832,374,159259.5,772,381,162425.0,746,400,163955.5
"대구광역시",소계,12844,5361,2489781.0,13479,5107,2511676.0,13813,4658,2507271.0,13642,4947,2505644.0,13601,4796,2501588.0,12552,4794,2493264.0,12545,4497,2487829.0,12216,4383,2466465.0,11392,4530,2460368.5,10967,4530,2449529.0,9880,4655,2431140.0
"대구광역시",중구,450,208,77585.0,446,199,77857.0,403,153,76600.0,405,198,75439.0,428,185,76246.0,488,142,78812.0,502,147,80928.0,469,168,78863.5,363,171,77893.5,428,171,77745.0,363,142,76957.5
"대구광역시",동구,1928,756,331421.0,2031,738,337529.0,2192,695,341206.0,2022,781,342092.0,2014,714,343802.0,1939,709,347975.0,1956,718,349728.0,1978,655,347356.5,1753,697,347253.5,1725,697,347293.0,1510,680,345317.0
"대구광역시",서구,1145,618,225193.0,1231,621,224618.0,1326,529,222619.0,1345,552,220211.0,1295,527,215399.0,1137,509,210770.0,1036,441,206028.0,946,417,200285.0,771,404,193360.0,766,404,185900.0,605,409,177581.0
"대구광역시",남구,933,454,171873.0,1030,429,171197.0,1031,373,169095.0,1072,376,168715.0,1012,378,166062.0,893,387,163492.0,939,356,160852.0,830,357,156122.5,732,334,152169.5,667,334,149277.0,625,335,146952.5
"대구광역시",북구,2339,962,453367.0,2483,909,452505.0,2574,818,449775.0,2488,910,448485.0,2371,814,444359.0,2239,790,444375.0,2206,784,443119.0,2126,778,438818.0,2077,796,437986.5,1984,796,437648.0,1810,813,435875.5
"대구광역시",수성구,1781,768,456196.0,1768,709,461988.0,1845,671,461083.0,1850,702,459779.0,2013,705,461004.0,1864,703,456505.0,1691,686,451786.0,1572,675,446246.5,1403,639,439885.0,1314,639,432823.0,1213,655,427587.5
"대구광역시",달서구,3117,1189,598011.0,3366,1116,607083.0,3265,1039,606542.0,3322,1042,606557.0,3391,1090,610358.0,3038,1149,606433.0,3117,990,602641.0,2786,952,594190.5,2521,1018,581907.5,2379,1018,572790.0,2249,1064,568253.5
"대구광역시",달성군,1151,406,176135.0,1124,386,178899.0,1177,380,180351.0,1138,386,184366.0,1077,383,184358.0,954,405,184902.0,1098,375,192747.0,1509,381,204582.5,1772,471,229913.0,1704,471,246055.0,1505,557,252615.5
"인천광역시",소계,16643,7880,2710579.0,17407,7354,2758296.0,18013,6840,2801274.0,18079,7306,2843981.0,18010,7253,2879782.0,17251,7417,2902608.0,17118,7116,2925815.0,16092,7097,2905551.5,15235,6988,2916646.0,14850,7011,2954642.0,13401,7176,2927320.0
"인천광역시",중구,669,297,89688.0,658,318,92890.0,707,286,93581.0,671,271,98648.0,774,329,107774.0,731,341,111929.0,701,315,114493.0,677,344,113187.0,704,314,114900.5,709,315,122499.0,757,384,127071.0
"인천광역시",동구,530,231,77308.0,519,179,79663.0,560,188,78692.0,484,222,76720.0,456,191,75093.0,401,205,73978.0,365,179,72571.0,380,190,70550.0,310,156,69034.5,308,176,66233.0,238,153,64156.5
"인천광역시",미추홀구,2741,1404,419935.0,2912,1305,423876.0,2943,1082,417996.0,2709,1188,414500.0,2733,1173,411330.0,2567,1173,408305.0,2463,1182,404893.0,2428,1183,405289.5,2441,1167,412531.0,2200,1099,416542.0,1883,1211,407287.0
"인천광역시",연수구,1409,674,271497.0,1513,611,279230.0,1580,563,287903.0,1662,624,292589.0,1600,648,300305.0,1706,646,310703.0,1638,558,319052.0,1627,602,321278.0,1535,545,329127.0,1546,597,346359.0,1751,633,353687.0
"인천광역시",남동구,3014,1351,463414.0,3088,1288,473423.0,3200,1135,495469.0,3224,1384,503597.0,3115,1294,507021.0,3067,1326,514656.0,3256,1293,531395.0,3036,1290,526960.0,2826,1361,529469.0,2679,1272,537161.0,2311,1359,530639.5
"인천광역시",부평구,3540,1605,563920.0,3545,1486,567493.0,3624,1375,560936.0,3595,1373,559047.0,3564,1299,556985.0,3468,1328,556992.0,3396,1280,555844.0,3064,1268,546668.5,2851,1263,538647.0,2651,1198,524640.0,2191,1139,512190.5
"인천광역시",계양구,2072,961,344039.0,2208,926,347810.0,2246,917,344299.0,2239,908,342202.0,2185,941,343806.0,1964,899,339538.0,1934,860,334332.0,1690,756,329338.5,1585,751,324107.0,1493,794,312680.0,1249,771,305245.0
"인천광역시",서구,2280,1162,395508.0,2542,1078,408068.0,2757,1112,436134.0,3127,1148,469887.0,3206,1177,490035.0,3002,1287,498686.0,2970,1260,504606.0,2860,1264,503911.0,2630,1242,509602.0,2935,1359,538596.0,2692,1316,537891.0
"인천광역시",강화군,293,142,67049.0,302,117,67104.0,264,133,66779.0,247,136,66752.0,239,148,66735.0,210,147,67118.0,265,125,67667.0,219,149,67357.0,234,134,67897.5,207,138,68896.0,221,136,68509.5
"인천광역시",옹진군,95,53,18221.0,120,46,18739.0,132,49,19485.0,121,52,20039.0,138,53,20698.0,135,65,20703.0,130,64,20962.0,111,51,21012.0,119,55,21330.5,122,63,21036.0,108,74,20643.0
"광주광역시",소계,8088,3076,1433640.0,8566,3002,1454636.0,8946,2857,1463464.0,8596,2923,1469216.0,8820,2924,1472910.0,8213,3051,1475884.0,7945,2842,1472199.0,7141,2694,1461531.0,7141,2694,1457271.0,6632,2887,1452472.0,6297,2915,1448843.0
"광주광역시",동구,513,277,107772.0,540,248,104449.0,547,222,106495.0,600,201,105580.0,578,218,103016.0,496,207,100786.0,453,216,98784.0,450,164,95618.5,450,164,93963.0,378,177,93323.0,430,161,94881.5
"광주광역시",서구,1649,639,299825.0,1752,630,303219.0,1891,577,317936.0,1886,626,316545.0,1845,562,315276.0,1681,617,310317.0,1629,588,305028.0,1532,569,305548.0,1532,569,306487.5,1289,568,303815.0,1263,574,300833.0
"광주광역시",남구,1122,423,213697.0,1150,414,216863.0,1186,388,219041.0,1070,425,218313.0,1094,379,216254.0,1016,423,219815.0,1064,367,221318.0,926,343,219000.5,926,343,217588.0,837,398,215906.0,789,359,215693.0
"광주광역시",북구,2707,991,469410.0,2599,966,466866.0,2733,877,444483.0,2541,895,443677.0,2775,888,445489.0,2674,922,447685.0,2463,837,446316.0,2153,803,441130.5,2153,803,437357.0,2178,870,436802.0,1887,947,434200.0
"광주광역시",광산구,2097,746,342936.0,2525,744,363239.0,2589,793,375509.0,2499,776,385101.0,2528,877,392875.0,2346,882,397281.0,2336,834,400753.0,2080,815,400233.5,2080,815,401875.5,1950,874,402627.0,1928,874,403235.5
"대전광역시",소계,8885,3433,1484180.0,9351,3189,1503664.0,9726,3067,1515603.0,9745,2938,1524583.0,9621,3003,1532811.0,9118,3221,1531809.0,8325,2890,1518775.0,8325,2890,1505374.0,7697,2855,1497290.0,7377,3008,1485382.0,6602,3097,1471769.5
"대전광역시",동구,1529,747,246116.0,1630,613,248835.0,1665,585,251285.0,1673,610,251945.0,1640,564,250653.0,1342,634,245493.0,1178,505,239579.0,1178,505,234575.5,1039,528,230113.5,983,506,227308.0,937,552,225503.5
"대전광역시",중구,1538,658,264035.0,1596,637,265846.0,1507,587,265502.0,1558,527,264125.0,1485,566,264913.0,1405,596,261165.0,1212,508,256186.0,1212,508,251735.5,1106,492,248209.0,1034,497,244282.0,901,570,240119.5
"대전광역시",서구,2946,1057,499297.0,3081,961,499742.0,3259,960,499124.0,3194,847,496513.0,3162,974,498917.0,2905,972,496132.0,2624,913,490859.0,2624,913,487806.5,2584,880,486115.5,2446,979,482977.0,2213,989,479826.0
"대전광역시",유성구,1663,420,266585.0,1828,462,281692.0,2056,432,294353.0,2089,461,306312.0,2068,457,313968.0,2314,513,327461.0,2320,509,335312.0,2320,509,337939.0,2126,503,344436.5,2107,563,347680.0,1879,551,348086.5
"대전광역시",대덕구,1209,551,208147.0,1216,516,207549.0,1239,503,205339.0,1231,493,205688.0,1266,442,204360.0,1152,506,201558.0,991,455,196839.0,991,455,193317.5,842,452,188415.5,807,463,183136.0,672,435,178234.0
"울산광역시",소계,7267,2591,1113637.0,7660,2597,1126298.0,7768,2380,1135494.0,7887,2590,1147256.0,7998,2578,1156480.0,7674,2731,1166377.0,7006,2520,1173534.0,7006,2520,1166314.5,6331,2519,1162347.0,5894,2658,1154182.0,5442,2534,1145705.0
"울산광역시",중구,1384,606,232055.0,1476,579,232915.0,1401,538,232634.0,1448,518,233013.0,1475,570,234607.0,1374,593,238825.0,1361,487,244481.0,1361,487,241863.5,1210,493,239029.0,1038,538,233780.0,952,471,226293.5
"울산광역시",남구,2169,791,343831.0,2234,777,344131.0,2254,687,343504.0,2272,794,346836.0,2378,717,349064.0,2274,788,347759.0,1939,719,343598.0,1939,719,339827.0,1785,706,335808.5,1662,681,330909.0,1540,689,325167.0
"울산광역시",동구,1374,398,175136.0,1415,379,170764.0,1509,329,172172.0,1519,411,175479.0,1641,414,178468.0,1495,440,176668.0,1395,390,174963.0,1395,390,173738.5,1085,388,171129.0,882,433,166242.0,703,373,161242.0
"울산광역시",북구,1102,346,169072.0,1235,374,177488.0,1314,360,182504.0,1283,366,184088.0,1229,381,185695.0,1270,419,188733.0,1197,393,191063.0,1197,393,192594.0,1200,398,197422.0,1241,440,202993.0,1274,441,211523.5
"울산광역시",울주군,1238,450,193543.0,1300,488,201000.0,1290,466,204680.0,1365,501,207840.0,1275,496,208646.0,1261,491,214392.0,1114,531,219429.0,1114,531,218291.5,1051,534,218958.5,1071,566,220259.0,973,560,221479.0
"세종특별자치시",소계,-,-,-,-,-,-,-,-,-,634,223,113117.0,743,240,122153.0,920,280,156125.0,1498,36,210884.0,1728,465,225992.0,1728,465,260542.0,2038,485,296051.0,2039,606,326245.0
"경기도",소계,73403,29807,11460610.0,78471,27810,11786622.0,79137,28444,11937415.0,79449,28452,12093299.0,77649,28733,12234630.0,74306,28892,12357830.0,73950,27688,12522606.0,70052,26723,12509483.5,66429,26924,12681347.5,66877,27884,12861428.0,62356,28453,13043732.0
"경기도",수원시,7590,2550,1073149.0,7632,2478,1077535.0,7896,2459,1088489.0,8277,2343,1120258.0,8095,2436,1148157.0,7986,2506,1174228.0,7997,2426,1184624.0,7765,2263,1180618.0,7112,2324,1189510.0,6902,2308,1193038.0,6026,2329,1188864.5
"경기도",성남시,6957,2458,962726.0,7208,2178,980190.0,7320,2166,979323.0,7378,2069,978615.0,7060,2065,979534.0,6862,2136,974608.0,6424,2050,971424.0,6050,1874,961821.0,5162,1843,959515.0,5228,1829,949575.0,4453,1796,937155.5
"경기도",의정부시,2472,1324,431008.0,2563,1216,431801.0,2523,1175,430400.0,2477,1133,429147.0,2415,1078,430976.0,2248,1172,431112.0,2164,1111,433937.0,2149,1079,430060.0,2019,1036,433748.0,2025,1086,438076.0,1876,1087,443259.5
"경기도",안양시,3729,1401,616547.0,4010,1238,621714.0,3864,1171,615642.0,4008,1171,611412.0,3913,1116,607877.0,3619,1103,600809.0,3774,1062,597789.0,3308,985,592285.0,3158,1002,587223.5,2935,1007,576985.0,2693,984,566692.5
"경기도",부천시,5685,2311,869944.0,5752,2105,875204.0,5808,2041,872452.0,5851,2086,869944.0,5653,2026,863720.0,5209,1988,855586.0,4982,1908,848987.0,4769,1800,841814.5,4459,1781,842452.0,4434,1769,838767.0,3646,1810,828689.5
"경기도",광명시,2021,749,314257.0,2848,668,343982.0,2863,732,355226.0,2705,708,355560.0,2442,694,353100.0,2197,679,348560.0,2111,606,344978.0,1897,644,338946.5,1722,621,332862.0,1674,622,326590.0,1489,538,318488.0
"경기도",평택시,2702,1202,410042.0,2714,1102,419457.0,2883,1202,426886.0,2950,1161,434305.0,3019,1243,442034.0,2906,1248,449555.0,2855,1151,460532.0,2901,1192,459304.0,2887,1210,469697.5,2886,1294,482069.0,3016,1388,497750.5
"경기도",동두천시,644,349,93211.0,638,313,95653.0,604,292,96253.0,565,323,97175.0,569,371,97557.0,565,350,97595.0,502,335,97974.0,501,280,96054.0,423,290,95591.0,433,251,94593.0,361,290,93463.0
"경기도",안산시,4815,2466,705346.0,4762,2127,714891.0,4788,2271,715586.0,4916,2313,715108.0,4804,2227,713666.0,4351,2098,707876.0,4327,2104,697885.0,3944,1982,687378.0,3517,1902,677089.0,3589,1846,662489.0,3332,1866,649299.0
"경기도",고양시,4915,2158,938784.0,5367,2013,950115.0,5518,1938,961239.0,5362,2097,969916.0,5455,2052,990571.0,5325,2132,1006154.0,5361,1949,1027546.0,4932,1999,1024184.5,4730,1964,1030676.5,4317,2047,1032839.0,4440,1889,1044930.5
"경기도",과천시,371,83,72049.0,367,82,72279.0,384,91,71955.0,364,87,71068.0,383,96,70578.0,330,75,70156.0,385,89,68946.0,266,86,65577.0,207,72,59736.0,232,72,56882.0,240,79,57322.0
"경기도",구리시,1206,455,195593.0,1266,498,196398.0,1174,430,194881.0,1149,432,192341.0,1053,409,189680.0,944,468,186820.0,930,389,186721.0,874,369,188081.5,948,324,194755.0,923,377,199718.0,793,391,199360.5
"경기도",남양주시,2912,1376,525211.0,3220,1365,564141.0,3292,1485,578485.0,3201,1520,599539.0,3397,1601,618305.0,3179,1579,636256.0,3269,1520,653454.0,3037,1470,653087.0,2675,1439,658880.0,2759,1509,668717.0,2630,1564,686891.5
"경기도",오산시,1341,401,159734.0,1696,508,182516.0,1647,484,193892.0,1596,506,200291.0,1600,537,205460.0,1522,540,208565.0,1411,507,206828.0,1373,513,206488.5,1294,519,209745.5,1332,538,215466.0,1223,577,221911.0
"경기도",시흥시,2896,1298,397912.0,2960,1184,403797.0,2769,1236,401149.0,2758,1241,399485.0,2476,1218,396765.0,2388,1200,394639.0,2387,1130,398256.0,2195,1111,396912.5,2303,1056,407544.0,2582,1170,430444.0,2596,1240,457528.5
"경기도",군포시,1856,603,275731.0,2177,546,287833.0,2197,531,287294.0,1971,536,286841.0,1949,541,286344.0,1954,532,288408.0,1974,527,287519.0,1772,459,284234.5,1639,503,281009.5,1428,504,277018.0,1294,520,274329.0
"경기도",의왕시,760,289,140874.0,934,297,147443.0,877,278,149607.0,924,297,154757.0,1000,312,159772.0,877,290,158482.0,809,286,157740.0,756,249,156037.0,621,258,155002.5,613,247,153550.0,628,262,156206.0
"경기도",하남시,947,409,148566.0,944,331,150479.0,879,363,148397.0,842,342,146269.0,798,373,145096.0,793,333,148896.0,891,325,166713.0,1124,388,187205.0,1193,399,219996.0,1357,432,241600.0,1309,521,261484.5
"경기도",용인시,4963,1710,839204.0,5516,1638,876550.0,5571,1650,896044.0,5617,1643,915959.0,5575,1732,941477.0,5447,1750,961026.0,5207,1628,975746.0,4680,1557,977635.0,4528,1637,991087.0,4581,1708,1012789.0,4670,1747,1040282.5
"경기도",파주시,1892,847,323011.0,2212,816,355632.0,2520,888,378790.0,2570,977,394201.0,2459,1049,401718.0,2511,1026,411348.0,2526,1001,423321.0,2329,954,423421.5,2310,1042,430545.5,2324,1021,441073.0,2127,1093,449150.0
"경기도",이천시,1350,473,197496.0,1460,516,202595.0,1462,505,204566.0,1356,511,204917.0,1364,514,205479.0,1223,468,205014.0,1169,423,204935.0,1108,493,206323.0,1079,427,210423.0,1059,506,212331.0,1059,537,213615.0
"경기도",안성시,1213,472,170919.0,1252,413,177937.0,1277,464,180743.0,1213,462,181608.0,1150,487,182173.0,1012,478,181896.0,988,453,180199.0,998,449,180167.0,907,457,181410.5,921,518,181773.0,871,478,182105.5
"경기도",김포시,1227,568,225805.0,1422,553,238339.0,1472,639,256994.0,1787,627,287432.0,1885,685,312305.0,2038,790,340310.0,1935,800,349990.0,1720,750,354626.0,1908,798,375488.5,2076,873,405273.0,1934,904,427733.0
"경기도",화성시,3951,1125,491528.0,3947,1126,505838.0,3910,1221,516765.0,3874,1143,525490.0,3573,1180,530251.0,3387,1263,540862.0,3960,1279,596525.0,4247,1227,616121.0,4363,1387,663239.0,4933,1506,722051.0,4788,1681,784034.5
"경기도",광주시,1499,768,238583.0,1630,677,249789.0,1898,732,265222.0,1982,745,275656.0,2000,811,286699.0,2027,818,298858.0,2180,810,312579.0,2162,800,318049.5,2173,881,334608.0,2210,959,352569.0,1931,1046,365850.5
"경기도",양주시,1004,588,182106.0,1182,567,196706.0,1231,635,200360.0,1190,621,200310.0,1099,598,199143.0,1030,577,202072.0,1070,569,205184.0,971,523,203596.5,910,536,207040.0,994,602,212772.0,958,595,217872.5
"경기도",포천시,870,585,158931.0,987,518,158658.0,871,552,157967.0,928,527,157559.0,894,498,156603.0,828,511,155798.0,759,477,155192.0,755,459,153343.5,727,461,152213.0,715,490,150185.0,641,514,147935.5
"경기도",여주시,-,-,-,-,-,-,-,-,-,-,-,-,594,241,109343.0,608,280,110386.0,546,261,111033.0,525,270,110509.5,476,261,110984.0,484,292,110972.0,466,239,110501.5
"경기도",여주군,617,292,108088.0,667,276,109250.0,628,295,109120.0,613,287,109550.0,-,-,-,-,-,-,-,-,-,-,-,-,-,-,-,-,-,-,-,-,-
"경기도",연천군,269,123,45241.0,271,101,45177.0,223,127,44900.0,220,129,45599.0,245,139,45610.0,223,111,45363.0,245,111,45725.0,230,112,45258.5,248,110,45108.5,269,87,44465.0,214,81,43660.0
"경기도",가평군,295,156,57564.0,331,136,58890.0,301,147,59358.0,278,154,60794.0,275,145,61017.0,280,165,61213.0,315,170,62008.0,269,143,61509.5,269,147,61975.0,244,177,62214.0,272,139,61945.5
"경기도",양평군,434,218,91450.0,536,224,95833.0,487,244,99430.0,527,261,102193.0,455,259,103620.0,437,226,105379.0,497,231,108316.0,445,243,108834.5,462,237,112192.5,418,237,114552.0,380,268,115420.5
"강원도",소계,8081,3742,1512870.0,8365,3579,1529818.0,8338,3562,1536448.0,8225,3550,1538630.0,7946,3725,1542263.0,7785,3630,1544442.0,7876,3484,1549507.0,7468,3482,1536275.0,7295,3263,1536689.0,6994,3418,1543052.0,6762,3624,1528655.5
"강원도",춘천시,1426,612,264849.0,1545,576,269950.0,1501,569,272805.0,1464,578,273364.0,1446,651,274455.0,1330,595,275791.0,1412,560,277997.0,1332,596,277006.0,1292,523,278274.5,1244,544,280640.0,1186,554,278660.0
"강원도",원주시,1755,811,307882.0,1855,771,314678.0,1863,796,320536.0,1894,782,323885.0,1756,845,324837.0,1708,799,327292.0,1789,843,332995.0,1763,823,333029.5,1740,795,337192.5,1645,843,344070.0,1698,862,344181.5
"강원도",강릉시,1088,536,217464.0,1071,487,218503.0,1140,496,217571.0,1107,475,217741.0,1026,528,216806.0,983,473,215807.0,977,481,214560.0,920,465,212434.0,924,444,212129.0,876,433,212957.0,893,494,211445.5
"강원도",동해시,529,210,95271.0,527,233,95236.0,522,202,95804.0,500,203,93897.0,479,257,95143.0,481,244,94562.0,475,201,93895.0,447,194,92854.5,419,218,92327.0,375,190,91272.0,382,254,90147.0
"강원도",태백시,331,135,50424.0,309,119,50864.0,290,128,50176.0,244,109,49493.0,236,116,48794.0,232,108,48258.0,215,126,47501.0,192,107,46242.0,209,113,45451.5,158,121,44858.0,167,108,43346.5
"강원도",속초시,392,246,83822.0,444,261,84302.0,420,211,83745.0,442,215,83579.0,428,221,83109.0,442,212,82432.0,382,216,81992.0,353,190,81180.0,358,186,81307.5,344,215,81682.0,316,211,80999.0
"강원도",삼척시,319,146,71935.0,358,160,72046.0,384,159,72312.0,316,181,72463.0,321,148,73023.0,336,166,72314.0,336,148,70839.0,289,150,69481.5,274,122,68371.0,298,141,68326.0,257,167,67156.5
"강원도",홍천군,354,174,69606.0,346,146,69893.0,352,164,69899.0,356,169,69727.0,315,142,70638.0,362,174,70451.0,337,168,70336.0,304,164,69655.0,322,148,69650.0,313,148,69949.0,258,156,69006.0
"강원도",횡성군,202,108,44121.0,201,94,44254.0,179,117,44360.0,194,87,44615.0,194,90,44937.0,211,107,45373.0,170,92,45777.0,169,108,45548.0,172,88,45780.0,174,106,46726.0,184,110,46282.0
"강원도",영월군,165,89,40265.0,171,103,40407.0,200,91,40199.0,167,85,40155.0,175,80,40150.0,144,77,40191.0,168,82,40216.0,182,91,39573.0,139,77,39510.5,145,75,39730.0,138,103,38872.0
"강원도",평창군,217,109,43634.0,197,101,43622.0,224,102,43577.0,206,103,43627.0,203,92,43666.0,166,106,43660.0,195,79,43500.0,184,74,42992.5,184,76,42787.0,164,104,42610.0,132,101,41954.0
"강원도",정선군,244,97,40708.0,258,98,41045.0,223,93,40181.0,205,107,39915.0,221,115,39985.0,217,103,39425.0,184,97,39197.0,171,88,38104.5,157,89,37623.5,171,91,37700.0,142,87,36706.5
"강원도",철원군,275,138,47669.0,262,97,48928.0,252,123,48084.0,294,146,47968.0,249,98,47473.0,274,114,47590.0,289,106,48799.0,295,88,47997.5,272,96,47208.5,287,94,46413.0,250,88,45613.5
"강원도",화천군,169,56,24216.0,154,63,24364.0,182,57,24945.0,210,51,25020.0,207,61,25079.0,212,57,27143.0,236,46,27020.0,190,69,26464.5,196,49,25970.0,190,60,25084.0,177,59,24818.5
"강원도",양구군,126,52,21323.0,156,47,21843.0,141,35,22285.0,130,54,22799.0,184,63,23594.0,156,57,23888.0,185,47,24089.0,168,48,23899.0,172,44,23776.5,152,42,23408.0,135,55,22940.0
"강원도",인제군,175,65,31452.0,208,71,31842.0,187,58,31970.0,193,74,32456.0,216,83,32517.0,235,90,32475.0,246,62,33255.0,232,81,32786.5,210,71,32460.5,216,77,32136.0,205,89,31719.5
"강원도",고성군,163,93,30272.0,176,76,30112.0,163,76,30057.0,174,61,30124.0,166,74,30398.0,149,85,30269.0,171,71,30060.0,178,68,29867.0,137,54,29855.0,140,73,28144.0,130,57,27484.0
"강원도",양양군,151,65,27957.0,127,76,27929.0,115,85,27942.0,129,70,27802.0,124,61,27659.0,147,63,27521.0,109,59,27479.0,99,78,27160.0,118,70,27014.5,102,61,27347.0,112,69,27323.5
"충청북도",소계,8666,3738,1527478.0,9171,3554,1549528.0,9542,3675,1562903.0,9275,3424,1565628.0,9307,3732,1572732.0,8774,3671,1578933.0,8872,3486,1583952.0,8334,3446,1577149.0,7990,3461,1582443.5,7827,3543,1586515.0,7239,3699,1589354.5
"충청북도",청주시,3735,1501,643161.0,4022,1404,655971.0,4352,1477,661946.0,4122,1341,666852.0,4258,1444,672904.0,5141,1862,831521.0,5112,1707,831912.0,4810,1770,828775.5,4532,1699,830657.0,4387,1741,832056.0,4181,1827,834030.5
"충청북도",충주시,1073,515,206613.0,1120,520,208481.0,1062,512,208433.0,1055,493,208447.0,1166,588,208115.0,1008,467,208527.0,1070,494,207913.0,934,493,206784.5,954,477,206912.0,1003,497,207999.0,870,490,209230.5
"충청북도",제천시,699,368,135580.0,691,350,137264.0,712,359,137689.0,740,323,137521.0,701,362,137204.0,659,348,136805.0,634,317,136138.0,619,291,135290.0,569,341,135469.0,576,308,134949.0,531,342,134051.0
"충청북도",청원군,1027,389,149783.0,1103,389,152944.0,1232,363,158369.0,1227,327,154780.0,1160,345,155002.0,-,-,-,-,-,-,-,-,-,-,-,-,-,-,-,-,-,-
"충청북도",보은군,145,84,34845.0,153,60,34956.0,162,71,34717.0,129,76,34438.0,139,67,34318.0,128,90,34240.0,146,67,34296.0,115,48,33930.5,125,77,33828.5,97,60,33570.0,103,62,33023.0
"충청북도",옥천군,229,107,54117.0,273,112,54025.0,246,114,53496.0,257,113,53244.0,220,122,52763.0,242,118,52469.0,202,116,52404.0,187,101,51881.5,181,100,51587.0,170,121,51207.0,167,118,50841.5
"충청북도",영동군,216,97,50426.0,220,95,50523.0,241,96,50621.0,223,100,50663.0,202,91,50539.0,178,110,50803.0,190,93,50693.0,188,80,50237.0,166,98,50011.0,189,96,49598.0,122,90,48851.0
"충청북도",증평군,420,174,33164.0,236,79,33533.0,241,79,34009.0,233,86,34279.0,245,92,34546.0,214,89,34771.0,269,80,36671.0,262,94,36808.5,248,82,37357.5,231,107,37354.0,190,107,37148.5
"충청북도",진천군,169,86,61456.0,451,172,62094.0,409,176,63051.0,408,183,63458.0,363,210,64606.0,388,187,65174.0,387,187,67981.0,362,168,68446.5,420,191,71295.0,430,203,75446.0,438,224,79174.5
"충청북도",괴산군,593,244,36775.0,170,83,36827.0,154,86,37333.0,179,75,37713.0,128,76,38059.0,145,86,38351.0,168,57,38787.0,155,89,38540.5,149,87,38684.0,132,81,38766.0,116,93,38819.0
"충청북도",음성군,133,73,89716.0,578,226,91093.0,579,258,91644.0,586,237,92980.0,588,267,93505.0,546,255,95324.0,569,293,96396.0,589,248,96182.0,533,256,96632.5,508,262,95672.0,421,277,94505.5
"충청북도",단양군,227,100,31842.0,154,64,31817.0,152,84,31595.0,116,70,31253.0,137,68,31171.0,125,59,30948.0,125,75,30761.0,113,64,30272.5,113,53,30010.0,104,67,29901.0,100,69,29679.5
"충청남도",소계,12609,5155,2075249.0,13185,4756,2075514.0,13216,4819,2101284.0,12849,4685,2028777.0,12777,4746,2047631.0,12040,4915,2062273.0,12331,4724,2077649.0,11792,4682,2072713.0,10961,4835,2092354.0,10970,4837,2122531.0,9826,5202,2110584.0
"충청남도",천안시,3821,1454,551423.0,4180,1372,557673.0,4437,1357,571377.0,4473,1415,581988.0,4433,1496,591089.0,4084,1443,598346.0,4271,1383,605776.0,4262,1429,607975.0,3907,1373,620816.0,4045,1432,641278.0,3687,1626,645173.5
"충청남도",공주시,652,287,126542.0,610,265,124930.0,650,278,124748.0,559,255,117298.0,562,265,116369.0,538,257,113621.0,484,274,111261.0,403,225,109695.0,383,241,108324.0,399,245,107558.0,362,206,106193.5
"충청남도",보령시,588,333,108141.0,617,251,107346.0,561,279,106421.0,533,273,105559.0,486,211,104938.0,474,293,104321.0,508,268,104754.0,488,222,103477.5,444,267,102696.0,430,255,102479.0,408,220,100695.5
"충청남도",아산시,2288,721,264324.0,2239,628,265191.0,2261,664,274523.0,2207,690,280490.0,2190,721,287073.0,2108,709,293954.0,2176,696,297737.0,1973,740,298312.5,1921,778,305178.5,1800,816,311935.0,1554,859,311550.5
"충청남도",서산시,934,390,161238.0,1038,388,160468.0,1030,397,161489.0,1044,377,163315.0,1052,364,165837.0,1036,412,167611.0,1037,412,170099.0,1007,364,169610.0,977,415,170401.5,1003,406,172780.0,873,427,173575.0
"충청남도",논산시,575,336,129597.0,642,303,127507.0,625,317,127533.0,621,266,126653.0,546,295,125844.0,545,337,124784.0,558,277,124232.0,529,292,122493.0,484,312,121534.0,489,251,121078.0,428,298,118380.0
"충청남도",계룡시,221,98,42941.0,176,68,43088.0,170,61,42942.0,180,56,41550.0,179,64,40957.0,143,65,40552.0,171,60,41730.0,171,51,42010.0,130,56,43119.5,123,77,43752.0,119,66,43162.0
"충청남도",당진시,-,-,-,-,-,-,-,-,-,1171,354,155104.0,1255,430,159615.0,1183,402,162844.0,1228,402,165122.0,1124,416,165005.0,1047,443,166157.5,1062,442,167748.0,851,482,166514.0
"충청남도",금산군,289,123,57209.0,329,127,56555.0,271,136,56030.0,256,116,55715.0,205,73,55441.0,225,143,55166.0,229,146,54879.0,197,115,54267.0,149,108,53785.5,165,101,53546.0,170,133,52269.5
"충청남도",연기군,497,213,81068.0,501,181,81871.0,479,186,82890.0,-,-,-,-,-,-,-,-,-,-,-,-,-,-,-,-,-,-,-,-,-,-,-,-
"충청남도",부여군,283,171,76295.0,368,161,75029.0,315,164,74004.0,258,155,73259.0,490,204,72547.0,269,140,71754.0,264,133,71143.0,237,152,69965.5,220,118,68960.5,206,131,68457.0,169,148,66784.0
"충청남도",서천군,251,139,60672.0,249,102,60085.0,223,122,59541.0,242,128,58920.0,196,96,58441.0,208,113,57713.0,209,116,56910.0,188,104,55921.5,172,114,55065.5,175,121,54513.0,153,104,52842.5
"충청남도",청양군,160,59,33012.0,153,58,32541.0,145,67,32291.0,138,66,32087.0,119,37,32155.0,129,74,32248.0,112,67,32485.0,115,59,32407.5,108,59,32578.5,93,64,32065.0,91,62,31801.5
"충청남도",홍성군,367,173,88865.0,443,180,88078.0,406,210,88108.0,432,204,88415.0,402,195,89704.0,409,194,91866.0,454,185,94553.0,522,213,96518.0,494,230,100009.0,490,204,101324.0,408,242,100011.0
"충청남도",예산군,435,187,88310.0,432,193,87002.0,442,181,86421.0,408,171,85876.0,375,141,85205.0,390,186,84919.0,338,159,83484.0,306,167,81788.0,283,160,80225.0,264,163,80349.0,291,195,79068.0
"충청남도",태안군,338,172,63660.0,318,162,63247.0,302,157,62747.0,327,159,62548.0,287,154,62416.0,299,147,62574.0,292,146,63484.0,270,133,63267.5,242,161,63503.0,226,129,63669.0,262,134,62563.5
"충청남도",당진군,910,299,141952.0,890,317,144903.0,899,243,150219.0,-,-,-,-,-,-,-,-,-,-,-,-,-,-,-,-,-,-,-,-,-,-,-,-
"전라북도",소계,9605,4285,1854508.0,10525,3910,1868963.0,10353,4176,1874031.0,10022,3856,1873341.0,9823,4144,1872965.0,9211,4091,1871560.0,9060,3755,1869711.0,8216,3979,1854771.5,7817,3698,1847460.5,7219,3934,1833762.0,7005,4007,1816000.5
"전라북도",전주시,3335,1300,635007.0,3622,1161,641525.0,3765,1245,645894.0,3574,1130,648863.0,3725,1285,650082.0,3457,1336,652877.0,3406,1129,652282.0,3084,1306,648854.5,2911,1141,647203.5,2944,1251,646926.0,2828,1290,649625.0
"전라북도",군산시,1639,705,266922.0,1856,642,272601.0,1834,750,275659.0,1921,716,278341.0,1705,708,278319.0,1579,662,278098.0,1606,688,278398.0,1437,673,275578.0,1322,653,273893.0,1140,659,271463.0,1089,701,269047.5
"전라북도",익산시,1592,802,306669.0,1726,707,307289.0,1712,727,309804.0,1627,681,306469.0,1635,737,306539.0,1484,736,304117.0,1544,641,302061.0,1344,670,299181.5,1246,680,298309.5,1063,677,295165.0,1010,677,288995.5
"전라북도",정읍시,553,315,121545.0,584,282,122000.0,556,296,120466.0,514,247,119392.0,519,294,118328.0,503,258,117183.0,475,288,115977.0,414,277,114412.5,437,252,113348.0,374,242,111881.0,375,258,110281.0
"전라북도",남원시,382,181,87675.0,402,161,87775.0,422,184,87455.0,367,181,87000.0,357,190,86460.0,334,184,85643.0,309,168,84856.0,328,162,84042.0,324,159,83284.0,261,201,82495.0,269,172,81588.0
"전라북도",김제시,437,221,94770.0,482,231,94346.0,420,209,93111.0,402,209,92317.0,385,200,91218.0,370,211,90108.0,337,198,88721.0,302,208,87391.0,313,173,86514.5,267,186,85310.0,240,234,83812.5
"전라북도",완주군,534,220,83885.0,585,195,85119.0,489,227,84660.0,539,194,86164.0,459,207,86978.0,491,192,90377.0,468,180,95303.0,431,197,94804.0,432,200,95163.0,376,204,94663.0,360,205,92784.5
"전라북도",진안군,121,54,27558.0,159,67,27543.0,127,50,28473.0,109,44,26963.0,112,58,26703.0,104,57,26474.0,83,37,26203.0,93,49,25939.5,74,45,25978.0,86,55,25927.0,77,42,25640.5
"전라북도",무주군,123,46,25811.0,129,50,25578.0,131,59,25863.0,118,51,25321.0,112,52,25398.0,96,50,25390.0,117,46,25220.0,85,30,24977.5,73,30,24774.5,94,52,24598.0,88,55,24345.5
"전라북도",장수군,108,61,23478.0,144,37,23386.0,79,44,23215.0,102,40,23191.0,73,34,23243.0,78,52,23335.0,84,45,23277.0,81,51,23341.0,80,38,23201.5,77,43,22999.0,76,46,22720.5
"전라북도",임실군,129,53,30703.0,142,39,30593.0,152,59,30789.0,106,46,29956.0,111,65,29739.0,127,51,29966.0,94,55,30271.0,111,48,30046.0,111,60,29999.0,99,46,29941.0,102,55,29305.5
"전라북도",순창군,140,63,30179.0,151,64,30209.0,120,57,29497.0,132,63,30055.0,113,65,30272.0,119,53,30368.0,114,63,30248.0,105,56,29921.0,103,40,29652.0,63,57,29290.0,93,46,28630.5
"전라북도",고창군,243,126,60102.0,268,129,60861.0,265,125,60065.0,247,117,60440.0,271,112,60522.0,231,125,60090.0,209,96,60046.0,222,120,59861.5,204,118,60087.0,185,125,58314.0,203,106,55827.0
"전라북도",부안군,269,138,60204.0,275,145,60138.0,281,144,59080.0,264,137,58869.0,246,137,59164.0,238,124,57534.0,214,121,56848.0,179,132,56421.5,187,109,56053.0,190,136,54794.0,195,120,53397.0
"전라남도",소계,10051,4290,1913004.0,10461,4326,1918485.0,10266,4138,1914339.0,9827,4011,1909618.0,9995,4096,1907172.0,9357,4135,1905780.0,9275,4033,1908996.0,8554,3965,1893147.0,8049,4008,1887213.0,7587,4170,1863279.0,7413,4130,1863279.0
"전라남도",목포시,1550,636,244339.0,1526,619,245422.0,1480,616,244871.0,1436,625,245073.0,1405,620,240936.0,1215,608,239109.0,1285,590,238382.0,1196,568,236229.0,1050,539,234272.5,884,565,229381.0,882,532,229380.5
"전라남도",여수시,1567,650,293546.0,1820,667,293488.0,1773,656,292750.0,1684,632,292217.0,1797,609,291366.0,1755,666,290900.0,1718,592,290168.0,1453,636,287705.0,1399,612,285883.5,1251,623,281337.0,1257,633,281336.5
"전라남도",순천시,1352,590,269516.0,1424,600,272620.0,1476,518,272201.0,1413,534,273798.0,1444,561,275668.0,1432,549,277188.0,1396,553,278765.0,1304,496,277306.5,1227,530,277621.0,1273,556,278180.0,1164,572,278180.0
"전라남도",나주시,471,222,90875.0,442,195,90118.0,407,200,88243.0,458,228,88067.0,417,211,87754.0,414,193,90669.0,567,206,98182.0,593,230,100497.0,623,214,106458.5,591,233,113483.0,582,266,113482.5
"전라남도",광양시,902,338,143461.0,966,335,145512.0,1108,337,150725.0,1057,315,150837.0,1040,377,151621.0,936,335,152097.0,880,356,153587.0,809,370,153967.5,790,365,155101.5,748,379,156022.0,661,372,156021.5
"전라남도",담양군,233,111,47286.0,235,91,47808.0,218,78,47819.0,203,81,47612.0,224,76,47365.0,176,78,47177.0,184,80,47009.0,156,81,46729.5,175,108,46875.0,146,97,46344.0,153,104,46344.0
"전라남도",곡성군,128,62,32084.0,135,49,31886.0,116,51,31332.0,114,46,30878.0,103,47,31009.0,101,65,30732.0,85,52,30672.0,94,37,30325.5,107,52,30060.0,69,59,29057.0,83,45,29056.5
"전라남도",구례군,136,47,27518.0,143,48,27375.0,120,63,27422.0,112,53,27077.0,106,53,27115.0,108,45,27170.0,91,49,27308.0,109,43,27163.0,79,58,27283.5,78,51,26678.0,73,43,26677.5
"전라남도",고흥군,290,138,75127.0,314,157,73924.0,267,125,72607.0,234,131,71560.0,255,116,70631.0,235,145,69641.0,205,131,68601.0,219,129,67676.0,176,117,66753.5,189,134,64932.0,209,136,64931.5
"전라남도",보성군,226,95,49048.0,235,100,48792.0,183,101,47894.0,189,86,47050.0,174,78,46385.0,133,76,45882.0,173,98,45349.0,144,74,44449.5,122,83,43656.0,139,97,41689.0,93,76,41689.0
"전라남도",화순군,368,163,69675.0,368,204,69368.0,334,160,68985.0,328,135,68378.0,304,152,67829.0,280,128,66772.0,242,156,65848.0,222,120,65073.0,243,143,64518.0,205,148,62868.0,201,134,62868.0
"전라남도",장흥군,148,79,42097.0,166,71,42394.0,169,91,42552.0,176,70,42672.0,192,76,43004.0,162,85,43190.0,146,63,43513.0,125,63,41783.5,126,83,40096.0,134,87,38611.0,157,84,38610.5
"전라남도",강진군,168,82,41164.0,173,88,41624.0,192,73,41599.0,166,70,40241.0,159,84,40079.0,149,82,39861.0,134,84,38758.0,138,64,37952.5,126,66,37009.5,121,63,35422.0,120,76,35421.5
"전라남도",해남군,332,172,81148.0,355,165,79579.0,347,169,78346.0,365,160,78150.0,344,156,77684.0,315,163,76981.0,298,155,76194.0,251,147,75071.5,275,149,73798.5,284,179,70539.0,263,157,70538.5
"전라남도",영암군,396,144,59837.0,418,146,60082.0,396,160,60139.0,337,147,59997.0,368,141,59061.0,340,157,58852.0,289,139,58137.0,261,167,57038.0,234,144,55804.5,190,167,54171.0,226,140,54171.0
"전라남도",무안군,436,149,72417.0,476,171,74475.0,437,165,75718.0,358,165,75741.0,432,158,79367.0,439,187,81696.0,454,178,82236.0,384,171,81703.5,356,170,82030.0,348,152,81088.0,278,175,81087.5
"전라남도",함평군,181,86,37089.0,159,71,36702.0,129,72,36134.0,137,71,35780.0,147,71,35610.0,132,78,35090.0,106,72,34876.0,116,60,34269.0,96,61,34000.0,120,62,32781.0,97,66,32780.5
"전라남도",영광군,269,137,57037.0,259,143,57362.0,271,131,56863.0,264,121,57224.0,305,146,57617.0,258,123,56833.0,237,109,56267.0,238,106,55400.5,221,127,54659.0,200,115,53478.0,259,113,53477.5
"전라남도",장성군,239,111,46214.0,215,108,46514.0,199,114,46245.0,184,102,46289.0,184,89,46292.0,223,85,46273.0,190,103,46360.0,175,105,45815.0,141,89,45700.5,157,115,45377.0,176,105,45377.0
"전라남도",완도군,275,103,54301.0,254,119,54269.0,286,109,54037.0,259,87,53871.0,265,97,53619.0,241,117,53174.0,266,107,53014.0,254,114,52512.0,219,133,52081.0,196,112,50785.0,211,136,50784.5
"전라남도",진도군,128,76,33931.0,148,59,33743.0,139,64,33502.0,142,59,33208.0,148,67,32998.0,114,78,32746.0,143,56,32476.0,125,88,31975.0,110,58,31635.0,114,84,30714.0,120,61,30714.0
"전라남도",신안군,256,99,45294.0,230,120,45428.0,219,85,44355.0,211,93,43898.0,182,111,44162.0,199,92,43747.0,186,104,43294.0,188,96,42505.0,154,107,41916.0,150,92,40349.0,148,104,40349.0
"경상북도",소계,14499,5523,2669876.0,15592,5476,2689920.0,15942,5322,2699195.0,15383,5562,2698353.0,15421,5410,2699440.0,14183,5503,2700794.0,14273,5348,2702826.0,13363,5375,2683477.5,12190,5505,2678112.0,11687,5620,2666723.0,10637,5635,2653915.5
"경상북도",포항시,2977,1123,509475.0,3195,1118,514755.0,3241,1114,517088.0,3295,1029,518913.0,3342,1096,519467.0,3052,1122,519368.0,2986,1122,519584.0,2599,1108,515144.0,2430,1116,512289.5,2265,1204,508971.0,2155,1172,505623.0
"경상북도",경주시,1370,597,267466.0,1399,528,267098.0,1408,510,265488.0,1360,577,264091.0,1459,558,263283.0,1297,579,261535.0,1252,559,259773.0,1130,576,257733.0,1035,531,256808.0,1127,510,255533.0,969,542,254287.0
"경상북도",김천시,605,220,135918.0,650,257,136136.0,691,223,136185.0,680,230,135504.0,648,251,135259.0,569,234,135456.0,660,215,140132.0,688,253,140359.5,641,268,141764.5,592,288,141207.0,562,268,140360.5
"경상북도",안동시,772,315,167432.0,802,327,167886.0,830,315,168157.0,806,318,168302.0,791,316,168461.0,766,304,168697.0,780,276,169221.0,729,269,168130.0,668,286,166672.0,603,293,163364.0,552,286,160242.0
"경상북도",구미시,2815,887,396419.0,3055,779,404920.0,3276,762,413446.0,3155,852,416949.0,3236,820,419428.0,2810,871,420320.0,2792,820,419915.0,2618,840,417723.5,2470,860,418690.0,2326,978,419543.0,2125,903,418513.5
"경상북도",영주시,542,247,113309.0,515,209,113926.0,472,202,114148.0,482,213,113547.0,459,183,112625.0,397,192,110780.0,441,188,109735.0,448,214,108766.5,404,196,108119.5,387,164,106922.0,300,192,105273.0
"경상북도",영천시,491,219,103115.0,497,214,103190.0,496,230,104182.0,510,234,101798.0,510,226,100778.0,479,194,100689.0,477,218,100648.0,446,215,99759.0,400,244,99752.5,387,231,100321.0,414,230,101270.5
"경상북도",상주시,447,191,106208.0,471,180,105607.0,440,197,104685.0,455,214,104182.0,412,184,103346.0,424,191,102892.0,405,173,102374.0,349,154,101307.5,325,181,100604.5,337,173,99878.0,296,177,99760.0
"경상북도",문경시,308,137,76645.0,358,154,77391.0,350,141,76727.0,356,158,75899.0,312,133,75664.0,353,152,75911.0,295,140,75784.0,285,137,74671.0,245,137,73433.5,215,112,72020.0,229,130,71490.5
"경상북도",경산시,1386,534,236459.0,1554,545,240708.0,1604,524,243684.0,1561,580,246358.0,1564,551,248805.0,1479,536,253968.0,1556,551,256888.0,1541,502,255753.5,1341,512,256965.0,1283,548,258500.0,1198,560,260352.0
"경상북도",군위군,87,44,24966.0,114,54,24736.0,100,38,24268.0,86,39,24119.0,66,27,24172.0,76,36,24170.0,99,36,24126.0,61,42,23973.0,77,54,24025.0,67,40,23903.0,64,38,23715.5
"경상북도",의성군,227,118,59109.0,242,91,58832.0,217,104,57744.0,208,93,57043.0,195,104,56064.0,187,109,55212.0,184,82,54477.0,190,88,53670.0,151,100,53191.5,141,100,52674.0,154,83,52248.0
"경상북도",청송군,113,48,26917.0,120,54,26715.0,132,42,26569.0,95,50,26481.0,111,54,26470.0,116,49,26453.0,103,53,26384.0,113,37,26152.5,91,58,25972.0,87,38,25667.0,81,50,25366.0
"경상북도",영양군,81,23,18553.0,74,22,18451.0,71,25,18241.0,72,33,18208.0,61,39,18297.0,73,23,18197.0,66,42,17898.0,68,35,17613.0,46,40,17410.5,54,36,17237.0,50,45,16994.0
"경상북도",영덕군,172,78,41710.0,182,97,41377.0,187,81,40794.0,162,84,40257.0,165,91,40142.0,150,92,39586.0,152,81,39191.0,155,81,38744.5,140,73,38427.5,130,82,37967.0,105,83,37377.5
"경상북도",청도군,184,72,44279.0,181,78,44391.0,178,83,44298.0,183,86,43968.0,202,69,43788.0,164,87,43993.0,151,102,43724.0,141,77,43325.0,120,75,43130.0,130,82,42883.0,107,72,42673.0
"경상북도",고령군,153,70,34535.0,147,69,34678.0,166,87,35455.0,166,78,35343.0,185,61,35198.0,152,84,35033.0,132,68,34594.0,127,78,34194.5,118,76,33773.5,111,60,33129.0,88,85,32440.5
"경상북도",성주군,181,88,45616.0,210,100,45289.0,218,80,45640.0,207,95,45127.0,207,90,45067.0,175,99,44981.0,152,88,45029.0,155,89,44765.0,157,101,44838.5,184,102,44577.0,141,102,44019.5
"경상북도",칠곡군,940,254,117288.0,1179,361,119087.0,1242,340,118838.0,937,307,119786.0,882,288,121182.0,844,274,122058.0,993,287,122829.0,949,299,121992.0,807,314,121020.0,657,319,118880.0,511,339,116979.0
"경상북도",예천군,190,81,47306.0,193,71,47049.0,183,70,46579.0,155,82,46027.0,180,75,45573.0,171,76,45104.0,182,71,44674.0,143,71,45038.5,169,87,47350.0,235,76,50928.0,202,74,53856.0
"경상북도",봉화군,151,65,34297.0,152,46,34567.0,139,49,34192.0,144,75,33934.0,127,52,33894.0,129,71,34023.0,121,59,33808.0,123,57,33304.0,88,66,33043.0,81,47,32704.0,85,56,32155.5
"경상북도",울진군,262,93,52529.0,233,93,52430.0,255,82,52045.0,263,116,51844.0,259,120,51953.0,254,104,52104.0,241,95,51885.0,259,130,51480.0,224,102,51038.5,238,109,50196.0,209,109,49363.5
"경상북도",울릉군,45,19,10325.0,69,29,10701.0,46,23,10742.0,45,19,10673.0,48,22,10524.0,66,24,10264.0,53,22,10153.0,46,23,9878.0,43,28,9793.0,50,28,9725.0,40,39,9555.5
"경상남도",소계,19494,7476,3250176.0,21170,7503,3290536.0,20769,7207,3308765.0,20140,7427,3319314.0,20291,7547,3333820.0,19056,7602,3350257.0,18671,7368,3364702.0,17580,7486,3348251.5,15978,7355,3356330.0,14996,7575,3356947.0,13613,7827,3348258.0
"경상남도",창원시,3114,1008,502727.0,7276,2386,1090181.0,7320,2259,1091881.0,7256,2233,1091471.0,6897,2267,1083731.0,6337,2302,1075168.0,6094,2302,1070064.0,5835,2181,1060346.0,5265,2042,1053988.0,4928,2142,1049046.0,4444,2246,1042950.0
"경상남도",마산시,2201,929,406307.0,-,-,-,-,-,-,-,-,-,-,-,-,-,-,-,-,-,-,-,-,-,-,-,-,-,-,-,-,-,-
"경상남도",진주시,1684,676,331720.0,1854,678,335037.0,1825,600,335502.0,1724,637,337314.0,1787,698,337071.0,1696,658,340241.0,1706,592,344426.0,1667,648,343823.5,1571,620,344980.5,1468,704,344668.0,1386,683,345053.5
"경상남도",진해시,1296,365,171407.0,-,-,-,-,-,-,-,-,-,-,-,-,-,-,-,-,-,-,-,-,-,-,-,-,-,-,-,-,-,-
"경상남도",통영시,1040,418,137415.0,1099,391,140297.0,1053,409,140195.0,929,389,139347.0,871,461,139719.0,820,411,139439.0,802,386,139168.0,723,421,137595.0,589,409,135948.5,546,431,133784.0,454,405,131603.0
"경상남도",사천시,681,279,112724.0,738,284,114148.0,710,270,114133.0,669,246,115321.0,710,295,116851.0,676,263,116485.0,607,233,115452.0,553,250,114215.5,552,285,113631.5,523,264,113168.0,423,275,112027.5
"경상남도",김해시,2985,1281,492413.0,3238,1209,503348.0,3084,1193,507062.0,3061,1284,513260.0,3320,1240,522049.0,3123,1290,527240.0,2901,1241,528865.0,2750,1282,526003.0,2578,1286,527658.5,2489,1268,529867.0,2425,1313,535062.5
"경상남도",밀양시,507,271,110170.0,506,235,110479.0,456,213,109329.0,464,228,108755.0,470,210,108342.0,434,209,107765.0,501,229,107896.0,390,205,107173.0,356,203,107186.5,338,202,106389.0,309,228,105227.5
"경상남도",거제시,2113,578,225522.0,2337,638,228355.0,2302,609,232787.0,2161,678,236944.0,2186,637,242077.0,2095,668,248287.0,2281,667,255828.0,2040,726,255105.0,1577,737,254186.5,1285,756,250878.0,1071,768,248003.0
"경상남도",양산시,1512,662,250387.0,1677,648,260239.0,1674,640,266403.0,1665,685,270460.0,1793,702,279565.0,1798,761,292376.0,1809,690,301291.0,1828,724,307724.5,1913,729,326293.0,1934,802,342092.0,1650,865,348188.0
"경상남도",의령군,142,53,30496.0,126,60,30162.0,132,56,30045.0,107,54,30329.0,101,70,29417.0,108,52,29209.0,98,49,28544.0,86,57,28159.5,84,65,27819.0,77,57,27602.0,77,63,27259.5
"경상남도",함안군,371,152,66582.0,382,159,67207.0,372,155,66971.0,366,166,67425.0,383,150,67667.0,403,168,68741.0,362,149,69156.0,319,178,68548.0,282,176,68079.0,212,153,67145.0,216,158,65907.5
"경상남도",창녕군,303,146,61252.0,297,123,61714.0,310,134,62490.0,331,126,62966.0,311,124,63447.0,291,148,63502.0,276,121,63817.0,276,160,63408.0,249,158,63560.5,218,135,63262.0,196,154,62369.5
"경상남도",고성군,338,121,57100.0,369,150,57231.0,351,139,57264.0,300,152,56906.0,292,161,56369.0,276,132,55916.0,254,152,55284.0,214,150,54578.5,183,133,53978.0,162,117,53253.0,146,139,52357.5
"경상남도",남해군,197,114,50244.0,191,87,49328.0,173,97,50242.0,168,81,48223.0,160,93,47244.0,159,76,46638.0,134,89,45865.0,121,80,45205.0,122,80,44594.0,116,64,44025.0,118,68,43515.5
"경상남도",하동군,252,95,52010.0,250,113,51509.0,229,99,53975.0,211,114,50806.0,203,104,50177.0,188,111,49223.0,197,117,50259.0,184,94,49639.5,115,107,48933.0,138,110,47890.0,150,102,46756.0
"경상남도",산청군,140,71,34921.0,135,79,35591.0,134,85,35651.0,124,65,35691.0,129,68,35935.0,112,77,35849.0,133,65,36071.0,115,85,35772.0,98,73,35918.5,115,66,35853.0,107,66,35389.5
"경상남도",함양군,173,58,40626.0,206,66,41197.0,166,68,41081.0,157,81,40714.0,169,73,40692.0,144,83,40584.0,147,90,40339.0,123,66,39952.0,108,64,39870.0,121,90,39778.0,114,79,39519.0
"경상남도",거창군,257,108,63180.0,277,100,63421.0,260,108,63146.0,258,121,63103.0,283,111,63177.0,238,109,63137.0,220,109,63232.0,234,111,62894.5,189,117,62656.5,197,129,62245.0,203,121,61957.5
"경상남도",합천군,188,91,52973.0,212,97,51092.0,218,73,50608.0,189,87,50279.0,226,83,50290.0,158,84,50457.0,149,87,49145.0,122,68,48109.0,147,71,47048.5,129,85,46006.0,124,94,45111.5
"제주특별자치도",소계,3279,1469,567913.0,3515,1466,571255.0,3582,1395,576156.0,3482,1426,583713.0,3638,1440,593806.0,3593,1530,607346.0,3676,1447,624395.0,3705,1552,628019.0,3654,1530,644056.5,3638,1607,656674.0,3358,1716,663488.5
"제주특별자치도",제주시,2374,1073,414116.0,2544,1045,417539.0,2674,1007,422790.0,2573,1050,429656.0,2736,1038,438165.0,2719,1110,448834.0,2696,1067,459876.0,2734,1138,461551.5,2735,1135,470756.0,2666,1113,478282.0,2457,1240,483543.5
"제주특별자치도",서귀포시,905,396,153797.0,971,421,153716.0,908,388,153366.0,909,376,154057.0,902,402,155641.0,874,420,158512.0,980,380,164519.0,971,414,166467.5,919,395,173300.5,972,494,178392.0,901,476,179945.0
"국외",소계,-,-,-,-,-,-,-,-,-,7781,3318,-,-,-,-,-,-,-,-,-,-,-,-,-,-,-,-,-,-,-,-,-,-
